﻿pos_x,pos_y,rotation,side,designator,mpn,pack,footprint,value,mount_type
196.87,-88.94,-90.0,top,C_1,,,CP_Radial_D5.0mm_P2.50mm,CP_Radial_D5.0mm_P2.50mm,tht
176.55,-88.94,-90.0,top,C_2,,,CP_Radial_D5.0mm_P2.50mm,CP_Radial_D5.0mm_P2.50mm,tht
156.23,-88.94,-90.0,top,C_3,,,CP_Radial_D5.0mm_P2.50mm,CP_Radial_D5.0mm_P2.50mm,tht
134.64,-88.98,-90.0,top,C_4,,,CP_Radial_D5.0mm_P2.50mm,CP_Radial_D5.0mm_P2.50mm,tht
168.93,-104.22,-90.0,top,C_E,,,CP_Radial_D5.0mm_P2.50mm,CP_Radial_D5.0mm_P2.50mm,tht
126.98,-109.28,-90.0,top,ENV1,,,PWM 4-pin Fan Header,PWM 4-pin Fan Header,tht
189.23,-81.28,0.0,top,FAN1,,,PWM 4-pin Fan Header,PWM 4-pin Fan Header,tht
168.91,-81.28,0.0,top,FAN2,,,PWM 4-pin Fan Header,PWM 4-pin Fan Header,tht
148.59,-81.28,0.0,top,FAN3,,,PWM 4-pin Fan Header,PWM 4-pin Fan Header,tht
128.27,-81.28,0.0,top,FAN4,,,PWM 4-pin Fan Header,PWM 4-pin Fan Header,tht
204.49,-106.72,0.0,top,PWR,,,Molex 4-Pin Power Connector,Molex 4-Pin Power Connector,tht
152.42,-111.8,0.0,top,XIAO-ESP32-S3,,,XIAO-ESP32S3-DIP,XIAO-ESP32-S3-DIP,smt
